PLAYER	POS	TEAM	GP	MPG	FG%	FGM	FGA	zFG%	FT%	FTM	FTA	zFT%	3PM	z3PM	PTS	zPTS	REB	zREB	AST	zAST	STL	zSTL	BLK	zBLK	TO	zTO	TOTAL
1	Joel Embiid	PF,C	PHI	48	32.7	0.545	9.7	17.9	3.36	0.862	10.2	11.9	4.73	1.1	-0.54	30.8	2.83	11.2	2.58	3.5	0.46	1.2	0.80	1.3	1.62	3.2	-1.93	13.91
2	Stephen Curry	PG,SG	GSW	60	33.1	0.486	9.7	19.9	1.06	0.931	6.0	6.5	4.57	4.9	3.81	30.3	2.75	5.4	0.17	6.2	1.93	1.2	0.74	0.4	-0.62	3.8	-2.59	11.82
3	James Harden	PG,SG	BRO	64	35.3	0.487	7.6	15.6	0.87	0.891	5.6	6.3	3.30	3.1	1.70	23.8	1.72	7.8	1.18	10.9	4.47	1.1	0.56	0.7	0.14	4.0	-2.87	11.07
4 2	Kawhi Leonard	SG,SF	LAC	60	32.1	0.490	9.4	19.2	1.22	0.891	5.7	6.4	3.37	2.0	0.46	26.6	2.16	6.9	0.80	5.5	1.52	1.7	2.15	0.6	-0.07	2.2	-0.63	10.99
5 1	Nikola Jokic	PF,C	DEN	70	33.9	0.560	9.5	16.9	3.78	0.849	3.9	4.6	1.55	1.3	-0.39	24.1	1.77	10.4	2.27	8.0	2.88	1.3	0.93	0.7	0.07	3.5	-2.23	10.64
6 1	Karl-Anthony Towns	C	MIN	44	33.5	0.490	8.8	17.9	1.13	0.866	5.3	6.1	2.53	2.8	1.31	25.6	2.00	11.9	2.88	4.5	1.01	0.6	-0.80	1.5	1.92	3.0	-1.65	10.33
7 1	Damian Lillard	PG	POR	65	35.9	0.438	9.9	22.5	-1.31	0.897	6.8	7.6	4.23	4.2	2.96	30.7	2.82	4.2	-0.35	8.5	3.14	1.1	0.59	0.3	-0.83	3.0	-1.60	9.65
8 1	Kevin Durant	SF,PF	BRO	48	35.0	0.517	9.9	19.1	2.38	0.871	5.9	6.8	2.97	2.8	1.35	28.5	2.46	6.4	0.59	4.8	1.14	0.8	-0.27	1.2	1.34	3.8	-2.56	9.41
9	Bradley Beal	SG,SF	WAS	60	35.0	0.481	10.1	20.9	0.88	0.885	7.1	8.0	4.02	2.3	0.77	29.5	2.63	4.9	-0.06	4.8	1.17	1.4	1.38	0.7	0.07	3.2	-1.91	8.95
10 2	Anthony Davis	PF,C	LAL	46	31.6	0.524	9.0	17.1	2.43	0.794	3.9	5.0	0.45	0.9	-0.82	22.8	1.55	8.2	1.33	2.9	0.11	1.3	1.04	1.8	2.71	2.0	-0.44	8.36
11 1	Luka Doncic	PG,SG	DAL	65	34.1	0.473	10.5	22.2	0.51	0.801	6.2	7.8	0.97	2.5	1.01	29.7	2.66	8.7	1.55	9.4	3.65	1.0	0.27	0.7	0.25	4.2	-3.10	7.77
12 1	Bam Adebayo	PF,C	MIA	63	34.1	0.571	7.3	12.8	3.22	0.825	5.0	6.1	1.39	0.0	-1.84	19.6	1.04	9.9	2.05	5.7	1.66	1.0	0.32	1.2	1.43	2.9	-1.55	7.72
13	Kyrie Irving	PG,SG	BRO	50	35.2	0.512	10.4	20.4	2.28	0.913	3.2	3.5	2.15	2.9	1.52	27.0	2.22	4.2	-0.36	5.1	1.30	0.9	0.05	0.5	-0.35	2.6	-1.10	7.71
14	Jimmy Butler	SF,PF	MIA	64	32.4	0.482	7.0	14.6	0.66	0.836	6.3	7.5	2.10	0.7	-1.09	21.0	1.27	6.4	0.57	7.6	2.69	1.7	2.05	0.5	-0.30	2.0	-0.45	7.50
15 5	Nikola Vucevic	C	CHI	65	33.6	0.486	9.0	18.4	0.98	0.857	2.0	2.3	0.83	2.2	0.62	22.1	1.44	10.2	2.19	3.4	0.38	0.8	-0.32	0.7	0.19	1.2	0.51	6.81
16	Zion Williamson	PF	NOP	60	32.5	0.638	10.7	16.8	6.75	0.712	6.0	8.4	-2.29	0.4	-1.35	27.8	2.35	6.8	0.75	4.4	0.94	0.9	0.03	0.8	0.39	3.0	-1.62	5.95
17 2	Jayson Tatum	SF,PF	BOS	64	34.6	0.449	9.3	20.6	-0.65	0.801	3.6	4.5	0.54	2.7	1.26	24.8	1.88	7.3	0.96	4.9	1.22	1.4	1.41	0.7	0.16	2.4	-0.93	5.85
18 6	Gordon Hayward	SG,SF	CHA	58	33.2	0.485	8.0	16.5	0.84	0.897	3.4	3.8	2.09	2.1	0.51	21.5	1.35	5.8	0.35	3.9	0.65	1.3	0.98	0.4	-0.51	2.0	-0.42	5.84
19 9	Kristaps Porzingis	PF,C	DAL	54	30.1	0.472	8.2	17.4	0.39	0.831	2.5	3.0	0.75	2.3	0.73	21.2	1.30	8.3	1.36	1.6	-0.60	0.6	-0.88	1.8	2.73	1.6	0.01	5.80
20 9	Myles Turner	PF,C	IND	70	30.8	0.479	4.6	9.5	0.40	0.765	2.1	2.7	-0.13	1.3	-0.31	12.5	-0.08	6.8	0.76	1.2	-0.78	0.9	0.03	3.1	5.78	1.5	0.12	5.79
21 1	Khris Middleton	SF,PF	MIL	67	31.1	0.478	7.3	15.4	0.54	0.904	3.5	3.9	2.23	2.5	1.02	20.7	1.22	6.5	0.60	5.5	1.53	1.1	0.56	0.1	-1.20	2.3	-0.79	5.71
22 10	Robert Covington	PF,C	POR	64	32.8	0.452	3.8	8.5	-0.17	0.878	0.7	0.8	0.34	2.7	1.25	11.1	-0.31	6.9	0.81	1.9	-0.44	1.6	1.86	1.5	2.06	1.5	0.19	5.60
23 2	Chris Paul	PG	PHX	61	31.5	0.481	6.2	12.9	0.58	0.907	2.8	3.1	1.85	1.7	0.15	17.0	0.63	4.6	-0.17	8.7	3.29	1.3	0.93	0.2	-1.02	2.2	-0.69	5.55
24 9	Giannis Antetokounmpo	PF,C	MIL	69	33.8	0.554	10.0	18.1	3.81	0.672	6.6	9.7	-4.40	1.5	-0.17	28.1	2.40	11.2	2.60	6.0	1.78	1.1	0.59	1.2	1.39	3.7	-2.44	5.55
25 5	CJ McCollum	PG,SG	POR	42	33.7	0.458	9.1	19.9	-0.21	0.847	2.8	3.3	1.05	3.6	2.29	24.6	1.85	3.9	-0.45	4.6	1.04	1.1	0.59	0.4	-0.42	1.9	-0.28	5.44
26 7	Clint Capela	C	ATL	59	29.7	0.572	6.4	11.2	2.87	0.521	1.4	2.6	-2.96	0.0	-1.84	14.2	0.19	13.9	3.73	1.4	-0.70	0.8	-0.19	2.4	4.16	1.6	0.00	5.25
27 9	LeBron James	PG,SG,SF	LAL	54	34.1	0.506	9.8	19.3	1.90	0.712	4.1	5.8	-1.60	2.5	0.98	26.1	2.08	8.3	1.38	8.0	2.89	1.0	0.32	0.5	-0.30	3.7	-2.47	5.18
28 7	John Collins	PF,C	ATL	65	32.1	0.542	7.5	13.8	2.55	0.825	2.2	2.7	0.59	1.5	-0.10	18.7	0.91	7.8	1.19	1.6	-0.61	0.7	-0.43	1.1	1.11	1.7	-0.05	5.16
29 8	Zach LaVine	SG,SF	CHI	68	35.3	0.501	8.5	17.0	1.52	0.844	4.4	5.2	1.62	3.0	1.60	24.4	1.82	4.2	-0.33	4.4	0.91	0.9	0.03	0.4	-0.42	3.0	-1.64	5.11
30 4	Domantas Sabonis	PF,C	IND	60	35.2	0.515	8.7	17.0	2.06	0.710	3.4	4.8	-1.37	0.9	-0.81	21.8	1.39	11.7	2.79	6.0	1.79	1.0	0.19	0.8	0.30	2.7	-1.28	5.06
31 8	LaMelo Ball	PG,SG	CHA	44	30.0	0.462	6.3	13.7	0.01	0.810	2.5	3.1	0.47	2.5	1.01	17.7	0.74	6.0	0.39	6.6	2.11	1.8	2.39	0.4	-0.42	3.3	-1.95	4.76
32 15	Trae Young	PG	ATL	68	34.1	0.446	7.6	17.0	-0.65	0.885	7.1	8.0	4.01	2.2	0.67	24.5	1.83	3.5	-0.63	9.8	3.89	0.9	-0.08	0.1	-1.20	4.2	-3.10	4.73
33 7	Tobias Harris	SF,PF	PHI	70	34.5	0.495	8.0	16.1	1.20	0.802	2.4	3.0	0.36	2.0	0.42	20.4	1.17	6.8	0.75	3.2	0.31	1.0	0.19	0.6	-0.02	1.4	0.27	4.64
34 9	Deandre Ayton	C	PHX	67	30.5	0.596	6.4	10.7	3.31	0.732	1.8	2.5	-0.49	0.1	-1.72	14.6	0.25	11.1	2.57	1.6	-0.58	0.5	-1.17	1.5	2.08	1.4	0.28	4.54
35 10	Richaun Holmes	PF,C	SAC	67	27.3	0.652	5.2	8.0	3.52	0.776	1.9	2.4	0.00	0.0	-1.84	12.3	-0.12	7.7	1.14	1.9	-0.42	0.8	-0.27	1.4	1.85	1.1	0.64	4.50
36 5	Brandon Ingram	SF,PF	NOP	64	34.4	0.468	8.5	18.2	0.20	0.871	4.2	4.8	2.08	2.4	0.95	23.6	1.69	4.9	-0.03	4.6	1.02	0.8	-0.21	0.8	0.35	3.0	-1.61	4.44
37 1	Fred VanVleet	PG,SG	TOR	67	35.6	0.421	6.7	16.0	-1.55	0.838	3.2	3.8	1.09	3.1	1.68	19.7	1.07	3.8	-0.49	6.8	2.26	1.6	1.78	0.3	-0.72	2.3	-0.78	4.35
38 11	Julius Randle	PF,C	NYK	65	35.2	0.489	8.3	17.0	1.05	0.790	4.8	6.0	0.45	1.8	0.25	23.2	1.62	10.4	2.25	5.4	1.47	0.9	-0.05	0.3	-0.69	3.3	-2.00	4.35
39 7	Robert Williams	C	BOS	63	23.2	0.693	4.0	5.8	3.14	0.701	1.4	2.0	-0.68	0.0	-1.84	9.4	-0.58	7.7	1.11	1.5	-0.61	0.9	0.05	2.0	3.22	1.2	0.51	4.32
40 1	Rudy Gobert	C	UTA	67	32.8	0.633	5.9	9.4	3.73	0.570	3.1	5.5	-5.01	0.0	-1.84	15.0	0.31	13.7	3.64	1.5	-0.62	0.7	-0.51	2.8	4.93	1.9	-0.35	4.28
41 11	Chris Boucher	PF,C	TOR	64	24.7	0.556	4.9	8.7	1.91	0.763	2.2	2.9	-0.16	1.3	-0.31	13.2	0.04	6.4	0.57	0.6	-1.11	0.6	-0.74	1.9	2.94	0.8	1.05	4.18
42 8	Jrue Holiday	PG,SG	MIL	63	31.4	0.482	6.8	14.0	0.64	0.760	2.0	2.7	-0.19	1.8	0.23	17.3	0.69	4.3	-0.28	5.1	1.31	2.0	2.90	0.7	0.28	2.9	-1.47	4.12
43 7	Shai Gilgeous-Alexander	PG,SG,SF	OKL	45	31.4	0.498	7.9	15.8	1.31	0.816	4.9	6.0	1.15	2.0	0.47	22.7	1.54	4.2	-0.35	5.5	1.53	0.9	-0.13	0.6	-0.09	2.8	-1.37	4.06
44 3	Lonzo Ball	PG,SG	NOP	65	32.1	0.443	5.7	13.0	-0.56	0.794	1.3	1.6	0.11	3.3	1.92	16.0	0.48	4.8	-0.10	6.0	1.81	1.4	1.20	0.5	-0.37	2.1	-0.55	3.95
45 4	Jarrett Allen	C	CLE	70	30.4	0.587	5.0	8.5	2.48	0.756	3.0	4.0	-0.33	0.0	-1.83	13.0	0.00	10.2	2.17	1.3	-0.73	0.5	-0.98	1.7	2.52	1.1	0.61	3.91
46 4	Malcolm Brogdon	PG,SG	IND	62	33.8	0.443	7.7	17.3	-0.77	0.903	2.8	3.1	1.78	2.4	0.95	20.6	1.20	3.6	-0.60	6.2	1.90	1.3	1.06	0.2	-0.97	2.4	-0.90	3.67
47 3	DeMar DeRozan	SG,SF,PF	SAS	70	33.6	0.486	7.4	15.2	0.82	0.845	4.5	5.4	1.70	0.9	-0.80	20.2	1.14	5.4	0.17	6.3	1.94	1.0	0.24	0.3	-0.74	2.4	-0.87	3.60
48 5	Michael Porter Jr.	SF,PF	DEN	58	31.1	0.538	7.4	13.7	2.38	0.738	1.7	2.3	-0.39	2.7	1.19	19.0	0.95	7.0	0.84	0.7	-1.06	0.6	-0.74	0.6	-0.05	1.4	0.35	3.48
49 12	Devin Booker	SG,SF	PHX	70	35.6	0.498	9.3	18.6	1.50	0.830	5.2	6.3	1.58	2.2	0.67	26.0	2.06	3.5	-0.64	4.8	1.15	0.9	0.03	0.3	-0.74	3.7	-2.54	3.07
50 5	Jonas Valanciunas	C	MEM	70	27.2	0.554	7.1	12.7	2.71	0.747	2.1	2.8	-0.36	0.5	-1.23	16.7	0.59	10.4	2.24	2.0	-0.36	0.4	-1.28	1.0	0.93	1.9	-0.32	2.92
51 9	Jerami Grant	SF,PF	DET	70	33.2	0.425	7.0	16.5	-1.45	0.844	4.8	5.7	1.78	1.7	0.15	20.6	1.20	5.3	0.10	2.7	0.03	0.8	-0.24	1.2	1.41	1.8	-0.21	2.79
52 4	Terry Rozier	PG,SG	CHA	70	30.8	0.458	7.8	17.0	-0.17	0.878	2.5	2.9	1.33	3.0	1.57	21.1	1.29	3.7	-0.56	3.2	0.29	1.1	0.56	0.2	-1.04	2.1	-0.52	2.74
53 3	Pascal Siakam	PF,C	TOR	67	36.1	0.451	7.9	17.4	-0.45	0.825	3.9	4.7	1.07	0.8	-0.89	20.4	1.18	7.8	1.18	4.3	0.88	1.1	0.53	0.7	0.16	2.4	-0.95	2.72
54 14	T.J. Warren	SF,PF	IND	60	32.5	0.483	7.2	15.0	0.70	0.820	2.5	3.1	0.62	1.5	-0.08	18.5	0.88	4.5	-0.21	1.9	-0.42	1.3	1.06	0.5	-0.28	1.3	0.41	2.69
55 4	Kemba Walker	PG	BOS	48	29.2	0.419	6.0	14.2	-1.40	0.897	3.3	3.7	2.03	2.9	1.45	18.1	0.81	3.5	-0.65	4.9	1.21	1.0	0.21	0.4	-0.56	2.0	-0.45	2.66
56 9	Paul George	SF,PF	LAC	54	33.2	0.419	7.1	17.0	-1.70	0.880	3.2	3.6	1.69	2.4	0.93	19.9	1.09	6.4	0.57	5.2	1.37	1.1	0.64	0.4	-0.42	2.9	-1.51	2.64
57 4	Montrezl Harrell	PF,C	LAL	64	29.1	0.621	7.1	11.4	4.21	0.691	3.0	4.4	-1.63	0.0	-1.84	17.2	0.67	7.9	1.20	1.3	-0.75	0.9	-0.08	1.0	0.97	1.8	-0.15	2.60
58 10	Donovan Mitchell	PG,SG	UTA	70	34.9	0.421	8.6	20.5	-2.00	0.852	4.2	4.9	1.71	3.0	1.57	24.5	1.82	4.6	-0.17	5.2	1.36	1.1	0.51	0.3	-0.69	3.0	-1.62	2.48
59 1	Jaylen Brown	SG,SF	BOS	65	34.4	0.456	8.5	18.6	-0.28	0.742	3.2	4.3	-0.62	2.4	0.90	22.6	1.53	5.6	0.26	3.7	0.57	1.3	1.12	0.5	-0.19	2.4	-0.93	2.35
60 6	Jamal Murray	PG,SG	DEN	65	33.8	0.474	7.4	15.6	0.42	0.805	2.9	3.5	0.48	2.2	0.72	19.9	1.10	4.3	-0.30	4.8	1.16	1.2	0.67	0.3	-0.76	2.6	-1.13	2.35
61 6	Christian Wood	PF,C	HOU	52	32.4	0.531	7.5	14.1	2.23	0.667	2.9	4.4	-2.10	1.4	-0.23	19.3	1.00	8.7	1.56	1.3	-0.76	0.6	-0.90	1.3	1.67	1.8	-0.15	2.31
62 3	Tyrese Haliburton	PG,SG	SAC	60	28.4	0.468	5.0	10.7	0.16	0.786	1.4	1.7	0.06	2.1	0.61	13.5	0.07	3.4	-0.69	4.8	1.13	1.4	1.38	0.6	0.02	2.1	-0.59	2.15
63 6	Kyle Lowry	PG	TOR	58	32.4	0.430	5.1	11.8	-0.86	0.878	3.3	3.7	1.72	2.4	0.93	15.8	0.45	4.8	-0.08	6.0	1.79	1.1	0.40	0.2	-0.93	2.7	-1.33	2.09
64 1	Mike Conley	PG	UTA	58	33.8	0.457	6.0	13.1	-0.14	0.808	2.2	2.7	0.39	2.6	1.17	16.8	0.60	3.7	-0.54	5.8	1.70	1.2	0.82	0.1	-1.16	2.3	-0.84	2.02
65 3	Draymond Green	PF,C	GSW	64	32.2	0.403	2.5	6.3	-0.82	0.714	1.0	1.4	-0.41	0.5	-1.28	6.6	-1.03	7.2	0.90	8.8	3.33	1.4	1.38	1.0	0.86	2.5	-1.08	1.85
66 10	Jakob Poeltl	C	SAS	62	27.1	0.624	3.7	5.9	2.26	0.461	0.9	1.9	-2.72	0.0	-1.84	8.3	-0.76	8.4	1.43	2.7	-0.01	0.9	-0.05	1.9	2.89	1.2	0.56	1.76
67 5	Mikal Bridges	SG,SF	PHX	69	31.2	0.501	5.0	10.0	0.93	0.839	1.5	1.8	0.49	1.6	0.02	13.2	0.03	4.5	-0.21	2.0	-0.35	0.9	0.03	0.9	0.65	1.5	0.16	1.76
68 1	Dejounte Murray	PG,SG	SAS	67	28.3	0.469	6.0	12.7	0.22	0.779	1.6	2.0	0.02	1.0	-0.72	14.5	0.23	6.9	0.81	5.0	1.24	1.5	1.54	0.2	-0.90	2.2	-0.69	1.74
69 15	Brook Lopez	C	MIL	68	23.7	0.434	3.7	8.6	-0.52	0.863	1.6	1.9	0.73	1.5	-0.17	10.6	-0.39	3.8	-0.49	1.3	-0.74	0.6	-0.77	2.0	3.15	0.9	0.95	1.74
70 5	Harrison Barnes	SF,PF	SAC	70	34.8	0.481	5.8	12.1	0.54	0.825	3.3	4.0	0.90	1.8	0.26	16.7	0.59	6.0	0.43	3.3	0.33	0.7	-0.64	0.2	-0.99	1.4	0.27	1.69
71 1	Enes Kanter	C	POR	55	26.0	0.569	5.5	9.6	2.39	0.704	1.8	2.6	-0.84	0.0	-1.83	12.7	-0.04	10.5	2.31	1.6	-0.56	0.7	-0.64	1.1	1.09	1.8	-0.21	1.65
72 8	D'Angelo Russell	PG,SG	MIN	41	29.3	0.429	6.6	15.4	-1.18	0.823	3.0	3.6	0.79	3.2	1.77	19.3	1.01	3.3	-0.70	5.6	1.59	1.1	0.45	0.3	-0.81	2.7	-1.30	1.63
73 2	Jusuf Nurkic	C	POR	36	25.8	0.499	4.7	9.5	0.83	0.707	2.2	3.1	-0.94	0.3	-1.45	12.0	-0.16	8.9	1.62	3.0	0.18	1.0	0.32	1.2	1.36	1.8	-0.19	1.56
74 1	Thaddeus Young	PF,C	CHI	67	25.7	0.523	5.2	9.9	1.42	0.631	0.8	1.2	-0.82	0.6	-1.18	11.8	-0.20	5.8	0.34	4.5	0.99	1.5	1.54	0.4	-0.44	1.8	-0.15	1.51
75 8	Norman Powell	SG,SF	POR	55	25.4	0.483	5.5	11.3	0.56	0.853	2.9	3.4	1.19	2.4	0.85	16.2	0.50	2.9	-0.90	1.4	-0.67	1.0	0.13	0.3	-0.69	1.2	0.53	1.50
76 2	Jae'Sean Tate	SG,SF,PF	HOU	62	32.1	0.518	5.0	9.6	1.27	0.732	1.5	2.0	-0.40	0.9	-0.82	12.3	-0.12	6.1	0.45	2.0	-0.36	1.3	1.14	0.7	0.14	1.6	0.10	1.40
77 14	Al Horford	PF,C	OKL	28	25.2	0.464	4.4	9.4	0.06	0.812	0.8	1.0	0.13	1.9	0.29	11.4	-0.26	5.7	0.29	3.3	0.32	0.7	-0.64	0.8	0.30	1.1	0.68	1.17
78 12	De'Aaron Fox	PG	SAC	65	33.6	0.461	7.8	16.9	-0.07	0.719	4.9	6.8	-1.66	1.2	-0.51	21.6	1.37	4.1	-0.38	7.4	2.57	1.5	1.46	0.8	0.30	3.3	-1.96	1.11
79 2	Wendell Carter Jr.	C	ORL	57	28.4	0.520	5.2	10.1	1.36	0.742	3.1	4.1	-0.61	0.2	-1.60	13.7	0.11	9.3	1.81	1.6	-0.58	0.8	-0.16	1.1	1.06	1.9	-0.29	1.11
80 1	PJ Washington	SF,PF,C	CHA	70	32.4	0.444	4.5	10.1	-0.40	0.724	1.9	2.6	-0.60	1.3	-0.33	12.1	-0.14	7.1	0.89	2.3	-0.20	1.0	0.16	1.5	2.01	1.9	-0.33	1.07
81 1	Joe Ingles	SG,SF	UTA	68	27.6	0.506	3.6	7.2	0.76	0.879	1.1	1.2	0.55	2.4	0.93	10.7	-0.36	3.6	-0.58	4.8	1.17	0.8	-0.16	0.2	-0.99	1.9	-0.27	1.04
82 8	OG Anunoby	SF,PF	TOR	70	32.8	0.463	4.8	10.4	0.04	0.829	1.0	1.2	0.27	1.4	-0.23	12.1	-0.15	5.5	0.22	1.7	-0.55	1.0	0.29	1.0	0.81	1.4	0.30	1.01
83 2	Jordan Clarkson	PG,SG	UTA	67	24.7	0.435	6.2	14.3	-0.90	0.895	1.7	1.9	1.01	3.0	1.54	17.1	0.65	3.5	-0.63	2.5	-0.09	1.0	0.16	0.3	-0.72	1.7	-0.12	0.90
84 22	Mitchell Robinson	C	NYK	31	23.2	0.650	3.3	5.1	2.25	0.570	1.1	1.9	-1.73	0.0	-1.84	7.6	-0.86	7.2	0.91	0.5	-1.20	0.9	-0.11	1.5	2.10	0.5	1.33	0.85
85 9	Nicolas Claxton	C	BRO	40	15.5	0.613	3.5	5.8	2.05	0.796	1.6	2.1	0.18	0.1	-1.69	8.8	-0.67	3.9	-0.45	1.2	-0.80	0.9	0.05	1.3	1.62	1.2	0.53	0.83
86 9	T.J. McConnell	PG,SG	IND	66	23.8	0.521	3.3	6.3	0.90	0.833	0.5	0.5	0.10	0.1	-1.70	7.1	-0.94	2.4	-1.08	6.1	1.85	1.7	2.18	0.2	-1.02	1.3	0.46	0.76
87 5	Jaren Jackson Jr.	PF,C	MEM	18	24.1	0.469	5.4	11.5	0.20	0.727	2.0	2.8	-0.61	2.2	0.67	15.0	0.31	4.0	-0.42	1.2	-0.81	0.7	-0.67	1.4	1.83	1.5	0.17	0.68
88 37	Russell Westbrook	PG	WAS	56	35.9	0.439	8.6	19.6	-1.07	0.650	3.7	5.8	-3.19	1.5	-0.15	22.5	1.50	9.0	1.68	10.7	4.37	1.4	1.38	0.5	-0.19	4.7	-3.72	0.63
89 1	Buddy Hield	SG,SF	SAC	70	34.6	0.431	5.8	13.5	-0.96	0.840	1.4	1.6	0.46	3.8	2.55	16.9	0.61	4.5	-0.22	2.6	-0.05	0.8	-0.32	0.2	-1.04	2.0	-0.40	0.62
90 16	Collin Sexton	PG,SG	CLE	65	34.9	0.459	8.3	18.0	-0.15	0.841	4.2	5.0	1.50	1.8	0.22	22.5	1.51	2.6	-1.03	4.0	0.70	1.0	0.29	0.1	-1.18	2.7	-1.30	0.57
91 12	Larry Nance Jr.	PF,C	CLE	56	26.2	0.526	3.6	6.9	1.05	0.698	0.8	1.2	-0.43	0.9	-0.80	8.9	-0.65	4.7	-0.13	2.5	-0.10	1.4	1.38	0.4	-0.49	1.1	0.62	0.44
92 11	Dennis Schroder	PG	LAL	60	32.9	0.439	6.0	13.7	-0.72	0.872	4.2	4.8	2.13	1.2	-0.45	17.5	0.71	3.5	-0.65	4.6	1.06	1.0	0.27	0.2	-0.97	2.4	-0.95	0.43
93 5	Rui Hachimura	SF,PF	WAS	67	32.4	0.467	5.6	12.0	0.14	0.827	2.8	3.4	0.78	0.8	-0.97	14.8	0.28	7.0	0.85	2.1	-0.32	1.0	0.32	0.2	-0.90	1.4	0.25	0.43
94 10	Danilo Gallinari	SF,PF	ATL	50	23.2	0.446	4.1	9.3	-0.31	0.894	3.4	3.8	2.02	2.3	0.77	13.9	0.14	4.2	-0.34	1.5	-0.64	0.7	-0.67	0.1	-1.18	1.1	0.63	0.42
95 5	Nerlens Noel	PF,C	NYK	65	22.0	0.553	2.8	5.0	1.11	0.713	1.5	2.1	-0.60	0.0	-1.84	7.0	-0.95	5.6	0.25	1.0	-0.89	1.1	0.64	1.6	2.22	1.3	0.45	0.38
96 14	Davis Bertans	PF,C	WAS	60	27.1	0.434	4.2	9.8	-0.62	0.824	1.6	2.0	0.42	3.2	1.82	13.3	0.05	3.9	-0.47	1.5	-0.65	0.6	-0.77	0.5	-0.23	1.0	0.84	0.38
97 8	Ivica Zubac	C	LAC	68	27.1	0.571	4.1	7.3	1.86	0.740	2.3	3.1	-0.49	0.0	-1.84	10.6	-0.39	8.7	1.56	1.5	-0.64	0.3	-1.68	1.2	1.36	1.2	0.56	0.31
98 17	Terrence Ross	SG,SF	ORL	67	29.4	0.417	6.8	16.3	-1.73	0.852	2.3	2.7	0.92	2.6	1.13	18.5	0.87	3.2	-0.76	1.2	-0.80	1.1	0.53	0.3	-0.74	1.0	0.78	0.21
99	Marcus Smart	PG,SG	BOS	54	28.1	0.379	3.6	9.6	-1.80	0.839	1.8	2.1	0.59	1.9	0.38	10.9	-0.33	3.2	-0.76	4.3	0.86	1.4	1.20	0.6	0.02	1.6	0.05	0.20
100 13	Victor Oladipo	SG,SF	MIA	55	28.7	0.454	6.4	14.2	-0.28	0.825	2.5	3.0	0.66	1.7	0.14	17.0	0.64	4.1	-0.39	3.7	0.56	1.2	0.88	0.2	-0.97	2.5	-1.08	0.16
101 7	Tim Hardaway Jr.	SG,SF	DAL	67	29.6	0.459	6.0	13.0	-0.07	0.808	2.1	2.6	0.38	3.2	1.81	17.2	0.66	3.4	-0.69	1.9	-0.41	0.6	-0.77	0.1	-1.18	1.3	0.40	0.12
102 1	Derrick White	PG,SG	SAS	56	27.1	0.451	4.3	9.6	-0.23	0.744	2.4	3.2	-0.46	1.6	0.03	12.7	-0.05	2.7	-0.98	4.0	0.73	1.0	0.13	1.0	0.81	1.6	0.06	0.06
103 8	Patrick Beverley	PG,SG	LAC	60	26.9	0.432	3.0	7.0	-0.44	0.670	0.6	0.9	-0.48	1.7	0.07	8.4	-0.74	5.4	0.18	3.8	0.59	1.2	0.67	0.5	-0.23	1.4	0.34	-0.04
104 9	Gary Trent Jr.	SG,SF	TOR	64	26.4	0.432	5.3	12.3	-0.84	0.794	0.8	1.0	0.06	3.4	2.07	14.8	0.29	2.0	-1.27	1.2	-0.78	1.1	0.61	0.4	-0.58	1.3	0.40	-0.05
105 21	Naz Reid	C	MIN	58	21.5	0.461	4.4	9.6	-0.01	0.716	1.6	2.2	-0.60	1.5	-0.17	11.9	-0.17	5.4	0.18	1.6	-0.59	0.8	-0.29	0.9	0.72	0.9	0.86	-0.07
106 3	Donte DiVincenzo	PG,SG	MIL	68	25.2	0.454	3.8	8.4	-0.13	0.748	1.1	1.5	-0.20	1.4	-0.22	10.2	-0.45	5.3	0.10	2.5	-0.08	1.4	1.38	0.3	-0.67	1.5	0.13	-0.13
107 25	Patty Mills	PG	SAS	60	24.4	0.457	4.8	10.5	-0.11	0.880	1.7	1.9	0.88	2.6	1.18	13.9	0.14	1.8	-1.35	2.5	-0.09	0.7	-0.56	0.1	-1.16	0.9	0.91	-0.16
108 22	Darius Garland	PG	CLE	70	31.6	0.448	6.0	13.3	-0.42	0.879	1.6	1.8	0.83	2.3	0.82	15.9	0.45	2.1	-1.22	6.1	1.85	1.0	0.24	0.1	-1.18	2.9	-1.56	-0.19
109 37	Derrick Jones Jr.	SG,SF	POR	54	27.4	0.470	3.7	7.8	0.19	0.761	1.9	2.5	-0.17	0.7	-1.03	9.9	-0.50	4.6	-0.18	1.3	-0.74	1.2	0.72	0.7	0.21	0.6	1.27	-0.23
110 2	Darius Bazley	SF,PF	OKL	44	30.1	0.415	4.3	10.5	-1.13	0.761	1.4	1.9	-0.14	1.5	-0.15	11.6	-0.23	7.5	1.02	1.6	-0.60	0.8	-0.29	1.1	1.16	1.6	0.10	-0.26
111 7	Bogdan Bogdanovic	SG,SF,PF	ATL	42	27.3	0.457	4.8	10.6	-0.11	0.903	1.1	1.2	0.68	2.3	0.81	13.1	0.01	2.7	-0.96	2.7	0.03	0.9	-0.03	0.2	-1.06	1.4	0.33	-0.29
112 11	Kelly Olynyk	PF,C	HOU	63	22.8	0.457	3.2	7.0	-0.04	0.871	1.6	1.8	0.74	1.7	0.06	9.6	-0.54	5.5	0.19	2.0	-0.36	0.8	-0.16	0.4	-0.60	1.3	0.41	-0.30
113 29	Justin Holiday	SG,SF	IND	67	30.5	0.425	3.6	8.5	-0.70	0.761	0.9	1.2	-0.11	2.3	0.82	10.5	-0.41	3.6	-0.60	1.7	-0.54	1.2	0.69	0.4	-0.56	0.8	1.05	-0.33
114 17	Andrew Wiggins	SG,SF	GSW	67	32.8	0.467	6.5	14.0	0.16	0.715	3.2	4.5	-1.21	2.0	0.41	18.3	0.84	4.4	-0.25	2.4	-0.14	0.7	-0.67	1.2	1.30	2.3	-0.81	-0.37
115 10	Will Barton	SG,SF	DEN	68	27.5	0.443	4.7	10.6	-0.46	0.770	1.5	1.9	-0.07	1.6	0.00	12.5	-0.09	5.2	0.06	2.9	0.12	0.9	0.03	0.5	-0.39	1.3	0.39	-0.40
116 12	Seth Curry	PG,SG	PHI	63	26.7	0.484	4.9	10.2	0.53	0.806	1.4	1.7	0.21	2.6	1.14	13.9	0.13	2.4	-1.09	2.5	-0.09	0.7	-0.61	0.1	-1.16	1.2	0.52	-0.41
117 21	Brandon Clarke	SF,PF	MEM	68	23.2	0.499	4.6	9.2	0.81	0.764	1.6	2.0	-0.12	0.4	-1.41	11.1	-0.31	6.2	0.50	1.4	-0.67	0.6	-0.74	1.0	0.81	1.1	0.70	-0.43
118 22	Devonte' Graham	PG,SG	CHA	58	29.6	0.398	4.3	10.8	-1.58	0.821	2.4	2.9	0.60	2.8	1.37	13.8	0.12	2.8	-0.92	5.7	1.66	1.0	0.32	0.2	-1.02	2.5	-0.99	-0.44
119 17	Anthony Edwards	SG,SF	MIN	64	31.2	0.427	7.5	17.6	-1.43	0.780	2.2	2.8	0.06	2.3	0.75	19.5	1.03	4.4	-0.26	2.9	0.14	1.2	0.82	0.2	-0.95	2.2	-0.62	-0.45
120 13	Kyle Anderson	SF,PF	MEM	63	24.2	0.470	4.9	10.5	0.21	0.735	1.1	1.5	-0.30	1.5	-0.15	12.4	-0.09	5.4	0.17	2.9	0.13	0.9	0.03	0.6	-0.05	2.0	-0.41	-0.46
121 27	Duncan Robinson	SG,SF	MIA	70	28.2	0.442	3.9	8.9	-0.37	0.895	0.9	1.0	0.48	3.0	1.64	11.7	-0.20	2.9	-0.88	1.6	-0.57	0.6	-0.80	0.3	-0.76	0.9	0.96	-0.52
122 8	Malik Beasley	PG,SG	MIN	54	30.8	0.408	5.5	13.5	-1.67	0.848	1.8	2.2	0.69	3.0	1.56	15.8	0.45	4.2	-0.36	1.9	-0.43	0.9	-0.13	0.2	-1.04	1.3	0.40	-0.53
123 26	Maxi Kleber	PF,C	DAL	70	25.1	0.455	2.3	5.0	-0.02	0.862	1.1	1.3	0.48	1.7	0.07	7.4	-0.90	5.2	0.08	1.3	-0.73	0.3	-1.62	1.1	1.16	0.9	0.96	-0.55
124 2	Lauri Markkanen	PF,C	CHI	50	28.5	0.441	5.2	11.9	-0.57	0.834	2.8	3.3	0.88	2.1	0.50	15.3	0.36	5.6	0.23	0.7	-1.05	0.7	-0.61	0.5	-0.37	1.6	0.07	-0.55
125 27	Tony Bradley	C	OKL	38	17.1	0.666	3.6	5.4	2.58	0.623	0.8	1.3	-0.92	0.2	-1.66	8.1	-0.78	7.5	1.03	0.7	-1.09	0.3	-1.52	1.0	0.81	0.8	1.01	-0.55
126 7	Alec Burks	SG,SF	NYK	58	25.7	0.426	4.9	11.4	-0.95	0.878	2.4	2.8	1.27	1.7	0.13	13.9	0.14	3.7	-0.57	2.7	0.01	0.9	-0.11	0.3	-0.86	1.4	0.32	-0.62
127 13	Saddiq Bey	SF	DET	60	29.4	0.432	4.3	9.9	-0.66	0.846	1.5	1.8	0.53	2.4	0.94	12.5	-0.09	6.5	0.62	1.7	-0.53	0.7	-0.45	0.4	-0.62	1.9	-0.36	-0.63
128 8	Bobby Portis	PF,C	MIL	64	26.1	0.493	4.5	9.1	0.69	0.791	1.4	1.7	0.10	1.2	-0.43	11.6	-0.23	6.5	0.61	1.9	-0.44	0.6	-0.74	0.4	-0.56	1.4	0.34	-0.67
129 2	Joe Harris	SG,SF	BRO	70	31.2	0.496	5.2	10.5	0.84	0.731	0.9	1.2	-0.27	2.9	1.52	14.2	0.19	3.7	-0.57	1.6	-0.56	0.5	-0.98	0.2	-0.97	1.5	0.12	-0.68
130 1	Jalen Brunson	PG,SG	DAL	62	25.5	0.494	5.6	11.3	0.85	0.847	1.6	1.9	0.60	1.6	0.03	14.4	0.22	3.2	-0.75	3.6	0.51	0.5	-1.14	0.1	-1.20	1.5	0.19	-0.69
131 14	Keldon Johnson	SF,PF	SAS	60	26.8	0.471	4.4	9.3	0.23	0.804	3.0	3.7	0.49	1.0	-0.70	12.7	-0.05	6.0	0.43	1.6	-0.57	0.6	-0.74	0.5	-0.39	1.1	0.62	-0.70
132 19	Royce O'Neale	SF,PF	UTA	70	28.2	0.455	2.4	5.3	-0.03	0.756	0.6	0.8	-0.10	1.3	-0.39	6.7	-1.01	5.4	0.15	2.4	-0.12	1.0	0.32	0.5	-0.30	1.0	0.79	-0.70
133 44	Ben Simmons	PG	PHI	65	33.2	0.510	5.6	11.0	1.24	0.603	2.8	4.7	-3.62	0.0	-1.82	14.1	0.17	8.2	1.35	7.0	2.32	1.4	1.44	0.7	0.23	3.3	-2.02	-0.71
134 10	De'Anthony Melton	PG,SG	MEM	68	24.2	0.409	3.4	8.2	-0.96	0.790	2.0	2.5	0.16	0.9	-0.82	9.6	-0.55	4.5	-0.20	3.6	0.48	1.6	1.84	0.4	-0.58	1.7	-0.08	-0.73
135 15	Kevin Love	PF,C	CLE	32	24.5	0.454	4.3	9.5	-0.14	0.864	2.5	2.9	1.13	1.9	0.34	13.0	0.00	6.4	0.58	2.2	-0.25	0.4	-1.30	0.3	-0.86	1.8	-0.23	-0.73
136 20	Ricky Rubio	PG	MIN	64	29.4	0.415	3.3	7.8	-0.82	0.857	2.2	2.6	0.94	0.9	-0.82	9.6	-0.54	3.2	-0.78	5.8	1.69	1.3	1.09	0.2	-1.09	2.0	-0.44	-0.77
137 44	Ja Morant	PG	MEM	58	31.1	0.448	6.9	15.3	-0.50	0.784	3.7	4.7	0.21	0.8	-0.93	18.2	0.82	3.9	-0.48	7.6	2.66	0.9	0.00	0.2	-0.90	3.0	-1.70	-0.81
138 32	Danuel House Jr.	SF,PF	HOU	58	28.9	0.430	3.5	8.2	-0.56	0.770	1.1	1.5	-0.06	1.9	0.33	10.1	-0.47	4.0	-0.43	1.2	-0.78	1.1	0.40	0.5	-0.32	0.8	1.07	-0.82
139 5	Ty Jerome	PG,SG	OKL	42	24.1	0.451	3.8	8.5	-0.19	0.673	0.7	1.0	-0.51	2.3	0.82	10.7	-0.37	3.9	-0.46	3.7	0.53	0.9	0.08	0.3	-0.81	1.6	0.08	-0.82
140 28	Mo Bamba	C	ORL	63	17.6	0.457	2.6	5.7	-0.02	0.626	0.6	1.0	-0.69	0.9	-0.85	6.7	-1.01	6.0	0.43	0.9	-0.98	0.5	-1.09	1.7	2.38	0.9	0.95	-0.88
141 13	Tyus Jones	PG	MEM	68	25.1	0.455	3.9	8.6	-0.10	0.778	0.9	1.2	-0.02	0.9	-0.80	9.7	-0.53	2.0	-1.28	5.8	1.67	1.2	0.72	0.1	-1.13	1.2	0.57	-0.90
142 21	Chuma Okeke	PF	ORL	58	32.5	0.440	5.5	12.5	-0.64	0.713	1.6	2.2	-0.64	1.0	-0.66	13.6	0.10	6.3	0.55	2.0	-0.38	1.2	0.67	0.9	0.56	2.0	-0.45	-0.90
143 22	Dorian Finney-Smith	SF,PF	DAL	70	26.1	0.459	3.2	7.0	0.00	0.736	1.1	1.4	-0.28	1.6	-0.07	9.0	-0.63	5.3	0.14	1.6	-0.57	0.8	-0.35	0.6	0.00	1.0	0.82	-0.94
144 22	Dario Saric	PF,C	PHX	50	16.1	0.494	3.9	7.9	0.62	0.844	1.0	1.2	0.35	1.4	-0.24	10.2	-0.45	4.0	-0.43	1.2	-0.79	0.9	0.11	0.2	-0.95	1.0	0.84	-0.94
145 14	Daniel Gafford	C	WAS	56	20.5	0.669	3.6	5.4	2.61	0.558	1.2	2.1	-2.02	0.0	-1.84	8.3	-0.75	6.1	0.45	0.8	-1.03	0.5	-1.20	1.6	2.22	1.2	0.58	-0.98
146 5	Miles Bridges	SF,PF	CHA	70	28.4	0.452	5.1	11.3	-0.24	0.779	1.5	1.9	0.01	1.4	-0.24	13.1	0.00	5.3	0.13	1.7	-0.55	0.6	-0.77	0.8	0.49	1.5	0.19	-0.98
147 30	Josh Richardson	SG,SF	DAL	56	32.3	0.428	4.7	11.1	-0.86	0.807	2.3	2.8	0.40	2.1	0.50	13.8	0.12	3.3	-0.70	2.7	0.02	1.1	0.53	0.5	-0.32	2.2	-0.68	-0.99
148 8	De'Andre Hunter	SF,PF	ATL	46	29.1	0.456	5.0	10.9	-0.13	0.812	1.6	2.0	0.32	1.9	0.38	13.5	0.08	4.2	-0.34	1.8	-0.47	0.8	-0.29	0.3	-0.67	1.5	0.13	-1.00
149 5	Aaron Gordon	SF,PF	DEN	58	32.5	0.439	5.1	11.6	-0.60	0.712	2.4	3.4	-0.97	1.3	-0.34	13.9	0.14	7.3	0.94	2.9	0.12	0.8	-0.37	0.6	-0.14	1.5	0.17	-1.04
150 13	George Hill	PG,SG	PHI	64	23.1	0.442	3.4	7.7	-0.31	0.827	1.6	2.0	0.43	1.6	0.01	10.0	-0.47	3.5	-0.65	3.6	0.48	0.9	0.05	0.1	-1.18	1.2	0.59	-1.05
151 4	Cody Zeller	C	CHA	42	26.1	0.506	4.6	9.1	0.95	0.714	2.2	3.1	-0.86	0.4	-1.37	11.9	-0.19	6.9	0.80	1.7	-0.52	0.8	-0.27	0.7	0.21	1.5	0.16	-1.09
152 26	Otto Porter Jr.	SF,PF	ORL	50	22.4	0.447	3.8	8.4	-0.25	0.818	1.2	1.5	0.26	1.4	-0.22	10.2	-0.45	4.8	-0.07	1.6	-0.59	0.9	-0.11	0.4	-0.60	0.9	0.95	-1.09
153 14	Delon Wright	PG,SG,SF	SAC	65	24.8	0.464	4.0	8.7	0.08	0.798	1.3	1.7	0.15	0.7	-1.05	10.1	-0.47	3.7	-0.56	3.1	0.21	1.1	0.59	0.3	-0.69	1.1	0.65	-1.10
154 1	Gary Harris	SG,SF	ORL	67	31.4	0.422	4.3	10.2	-0.92	0.820	1.4	1.7	0.32	1.4	-0.19	11.5	-0.25	3.1	-0.79	2.2	-0.23	1.4	1.38	0.3	-0.72	1.4	0.28	-1.12
155 73	John Wall	PG	HOU	50	30.1	0.447	7.8	17.5	-0.65	0.733	2.9	4.0	-0.75	1.7	0.08	20.2	1.15	3.5	-0.62	7.0	2.35	1.0	0.32	0.6	-0.02	4.1	-2.99	-1.14
156	Jeff Green	SF,PF,C	BRO	64	28.2	0.487	3.4	7.0	0.45	0.813	1.4	1.8	0.27	1.9	0.31	10.1	-0.47	4.5	-0.21	1.4	-0.68	0.6	-0.77	0.5	-0.35	1.4	0.30	-1.14
157 18	Marcus Morris Sr.	PF,C	LAC	62	26.2	0.443	4.3	9.6	-0.40	0.826	2.4	2.9	0.66	2.3	0.75	13.1	0.02	3.4	-0.68	0.9	-0.97	0.5	-1.06	0.5	-0.21	1.1	0.70	-1.19
158 29	Moses Brown	C	OKL	36	25.1	0.521	4.8	9.3	1.29	0.654	2.5	3.8	-2.07	0.0	-1.84	12.2	-0.14	9.6	1.94	0.7	-1.05	0.7	-0.45	1.3	1.64	2.1	-0.57	-1.25
159 28	Jeremy Lamb	SG,SF	IND	50	19.7	0.440	3.3	7.5	-0.34	0.888	2.1	2.3	1.17	1.5	-0.16	10.1	-0.46	2.8	-0.91	1.4	-0.69	0.8	-0.29	0.3	-0.67	0.7	1.10	-1.26
160 20	Danny Green	SG,SF	PHI	70	24.9	0.414	2.9	7.0	-0.74	0.714	0.5	0.7	-0.23	1.9	0.34	8.2	-0.76	3.4	-0.67	1.3	-0.74	1.2	0.80	0.6	-0.16	0.9	0.90	-1.26
161 1	Kelly Oubre Jr.	SG,SF,PF	GSW	64	31.6	0.429	5.8	13.4	-1.03	0.738	2.2	3.0	-0.50	1.5	-0.13	15.2	0.35	5.0	0.01	1.3	-0.74	1.0	0.27	0.7	0.23	1.5	0.22	-1.31
162 7	Juan Toscano-Anderson	SF,PF	GSW	55	24.6	0.484	3.2	6.6	0.38	0.611	0.6	0.9	-0.70	1.1	-0.62	8.0	-0.80	5.8	0.35	2.3	-0.18	0.9	0.05	0.6	-0.16	1.4	0.29	-1.38
163 16	Marc Gasol	C	LAL	49	21.7	0.428	2.4	5.5	-0.37	0.729	0.7	1.0	-0.23	1.1	-0.54	6.6	-1.03	5.4	0.18	2.9	0.12	0.7	-0.53	0.8	0.39	1.1	0.61	-1.41
164 10	Kevin Huerter	SG,SF	ATL	67	27.2	0.432	4.0	9.2	-0.61	0.837	0.8	1.0	0.24	2.0	0.42	10.7	-0.36	2.7	-0.96	3.2	0.27	0.8	-0.35	0.4	-0.46	1.3	0.38	-1.44
165 4	Nicolas Batum	SF,PF	LAC	50	24.4	0.435	3.1	7.0	-0.40	0.833	0.6	0.7	0.14	1.9	0.34	8.6	-0.71	3.9	-0.46	2.3	-0.20	0.9	0.00	0.6	-0.16	1.7	-0.02	-1.47
166 5	Evan Fournier	SG,SF	BOS	65	27.7	0.452	5.2	11.6	-0.27	0.806	2.7	3.4	0.46	1.8	0.24	15.0	0.31	2.1	-1.23	2.6	-0.07	0.9	-0.05	0.2	-1.06	1.5	0.16	-1.51
167 5	Tyler Herro	PG,SG,SF	MIA	64	26.2	0.432	4.8	11.1	-0.76	0.875	1.5	1.7	0.73	2.0	0.49	13.1	0.01	4.2	-0.33	2.8	0.09	0.6	-0.93	0.2	-1.02	1.5	0.21	-1.51
168 13	Nickeil Alexander-Walker	SG,SF	NOP	60	29.2	0.437	5.2	12.0	-0.67	0.732	0.9	1.2	-0.27	2.4	0.90	13.8	0.12	4.0	-0.41	2.8	0.06	0.8	-0.35	0.3	-0.69	1.8	-0.23	-1.54
169 15	Josh Hart	SG,SF	NOP	65	25.3	0.426	3.3	7.8	-0.61	0.724	1.2	1.7	-0.42	1.8	0.21	9.6	-0.54	5.6	0.23	1.6	-0.57	0.9	0.11	0.4	-0.56	1.1	0.61	-1.55
170 7	Josh Okogie	SG,SF	MIN	68	25.3	0.438	3.0	6.8	-0.34	0.802	2.5	3.1	0.37	0.9	-0.80	9.4	-0.58	4.3	-0.29	1.6	-0.57	1.2	0.88	0.4	-0.51	1.4	0.28	-1.56
171 7	Steven Adams	C	NOP	68	27.4	0.584	3.6	6.2	1.79	0.514	1.3	2.4	-2.86	0.0	-1.84	8.5	-0.72	9.4	1.86	2.4	-0.17	0.8	-0.21	0.9	0.67	1.8	-0.13	-1.62
172 26	Derrick Favors	PF,C	UTA	60	18.6	0.620	3.2	5.1	1.92	0.574	0.6	1.1	-1.01	0.0	-1.84	7.0	-0.97	7.2	0.90	1.2	-0.78	0.5	-1.17	0.8	0.35	0.9	0.96	-1.64
173 13	Kyle Kuzma	SF,PF	LAL	68	27.8	0.440	5.7	13.0	-0.65	0.657	2.1	3.1	-1.66	2.2	0.67	15.7	0.43	6.9	0.79	1.6	-0.57	0.6	-0.74	0.8	0.35	1.9	-0.28	-1.66
174 7	Svi Mykhailiuk	SF	OKL	67	26.8	0.427	3.9	9.1	-0.71	0.816	1.2	1.5	0.25	2.5	1.06	11.5	-0.24	2.4	-1.09	2.4	-0.15	0.9	-0.03	0.1	-1.13	1.4	0.30	-1.72
175 1	Mason Plumlee	PF,C	DET	60	25.6	0.545	3.7	6.8	1.34	0.646	1.7	2.7	-1.57	0.0	-1.84	9.1	-0.62	7.7	1.11	3.3	0.33	0.5	-1.14	0.9	0.65	1.6	0.02	-1.73
176 41	Kevin Porter Jr.	SG,SF	HOU	44	30.1	0.434	5.9	13.5	-0.86	0.726	1.7	2.3	-0.52	1.4	-0.19	14.8	0.29	3.6	-0.60	5.1	1.30	1.0	0.35	0.5	-0.37	2.6	-1.16	-1.77
177 26	Monte Morris	PG,SG	DEN	67	22.7	0.461	3.8	8.2	0.02	0.832	1.0	1.3	0.29	0.9	-0.77	9.5	-0.56	1.9	-1.31	3.7	0.54	0.8	-0.16	0.2	-0.95	0.7	1.10	-1.79
178 14	Rudy Gay	SF,PF	SAS	56	21.2	0.435	3.9	9.0	-0.53	0.810	1.6	2.0	0.29	1.7	0.11	11.1	-0.30	5.3	0.12	1.7	-0.55	0.5	-1.09	0.5	-0.30	1.3	0.45	-1.81
179 12	Jordan Poole	PG,SG	GSW	52	21.8	0.486	4.2	8.7	0.50	0.808	1.7	2.1	0.30	1.8	0.17	11.9	-0.18	2.2	-1.20	2.5	-0.12	0.6	-0.74	0.2	-0.95	1.3	0.39	-1.83
180 41	Aleksej Pokusevski	SF	OKL	60	29.2	0.414	5.8	14.1	-1.57	0.755	1.2	1.6	-0.17	1.8	0.26	14.7	0.26	6.1	0.46	2.5	-0.11	0.6	-0.82	1.1	1.02	2.6	-1.16	-1.84
181 8	Michael Carter-Williams	PG,SG	ORL	58	28.8	0.410	3.7	9.0	-1.05	0.758	2.5	3.3	-0.26	0.8	-0.95	10.6	-0.38	4.3	-0.30	5.0	1.25	0.9	-0.05	0.7	0.14	1.9	-0.27	-1.87
182	Marvin Bagley III	PF,C	SAC	58	26.9	0.471	5.2	11.0	0.24	0.684	1.7	2.5	-1.02	1.0	-0.72	13.1	0.01	7.7	1.11	0.8	-1.00	0.5	-1.01	0.8	0.42	1.6	0.10	-1.88
183 64	Caris LeVert	SG,SF	IND	38	33.2	0.425	7.0	16.4	-1.41	0.728	2.9	4.0	-0.84	1.8	0.18	18.6	0.89	3.9	-0.49	4.1	0.75	1.2	0.72	0.7	0.09	3.1	-1.78	-1.88
184 47	Andre Drummond	C	LAL	50	24.2	0.490	5.3	10.9	0.72	0.565	1.8	3.1	-2.95	0.1	-1.74	12.5	-0.08	10.2	2.16	1.5	-0.66	1.2	0.74	1.1	1.18	2.7	-1.27	-1.89
185 3	Bruce Brown	SG	BRO	48	22.2	0.481	3.3	6.8	0.34	0.766	1.3	1.8	-0.10	0.5	-1.28	8.4	-0.73	4.5	-0.23	3.2	0.28	0.9	0.05	0.4	-0.49	1.4	0.27	-1.89
186 36	Cole Anthony	PG	ORL	44	29.6	0.409	4.7	11.5	-1.40	0.776	1.9	2.5	0.00	2.2	0.62	13.5	0.08	4.7	-0.15	5.0	1.26	0.8	-0.19	0.1	-1.30	2.3	-0.84	-1.91
187 4	Serge Ibaka	PF,C	LAC	62	24.2	0.509	4.9	9.6	1.06	0.696	1.3	1.8	-0.66	1.0	-0.67	12.0	-0.16	6.5	0.60	1.1	-0.85	0.4	-1.36	0.6	0.02	1.6	0.08	-1.93
188 28	Matisse Thybulle	SG,SF	PHI	64	17.1	0.436	1.5	3.5	-0.14	0.660	0.3	0.5	-0.28	0.7	-1.03	4.1	-1.42	1.3	-1.54	0.9	-0.94	1.4	1.41	1.0	0.79	0.6	1.22	-1.94
189 46	Dennis Smith Jr.	PG	DET	58	29.7	0.403	4.2	10.4	-1.40	0.714	1.3	1.8	-0.50	1.2	-0.47	10.8	-0.35	2.7	-0.96	4.9	1.18	1.4	1.25	0.8	0.35	2.5	-1.05	-1.95
190 3	Jarred Vanderbilt	SF,PF,C	MIN	29	16.2	0.508	3.0	5.9	0.67	0.661	0.8	1.2	-0.65	0.0	-1.84	6.8	-1.00	6.6	0.67	1.5	-0.66	1.1	0.40	0.7	0.12	1.4	0.34	-1.96
191 17	James Wiseman	C	GSW	54	22.2	0.516	4.2	8.1	1.04	0.693	1.6	2.3	-0.84	0.3	-1.51	10.2	-0.45	6.2	0.50	0.3	-1.31	0.2	-1.76	1.2	1.32	0.8	1.02	-1.98
192 35	RJ Barrett	SG,SF	NYK	68	33.2	0.438	6.2	14.1	-0.79	0.732	2.4	3.2	-0.62	1.3	-0.37	16.0	0.48	5.9	0.36	3.0	0.17	1.0	0.21	0.3	-0.65	2.3	-0.80	-1.99
193 19	Gorgui Dieng	PF,C	SAS	58	13.7	0.498	2.4	4.9	0.46	0.771	0.8	1.1	-0.05	0.8	-0.91	6.5	-1.05	4.5	-0.20	1.1	-0.88	0.7	-0.67	0.7	0.25	0.8	1.01	-2.03
194 7	Cameron Johnson	SF,PF	PHX	64	24.2	0.437	3.4	7.8	-0.42	0.800	0.9	1.1	0.09	2.1	0.57	9.8	-0.51	3.5	-0.62	1.3	-0.73	0.7	-0.64	0.4	-0.42	1.2	0.57	-2.11
195 1	Tristan Thompson	PF,C	BOS	64	24.4	0.520	4.2	8.0	1.10	0.605	1.4	2.3	-1.75	0.2	-1.66	9.8	-0.51	8.3	1.38	1.7	-0.52	0.5	-1.09	0.9	0.72	1.5	0.21	-2.12
196 24	David Nwaba	SG,SF	HOU	54	22.7	0.470	3.2	6.8	0.17	0.641	1.6	2.5	-1.50	1.1	-0.63	9.0	-0.63	3.9	-0.47	0.7	-1.06	1.1	0.43	0.8	0.44	0.7	1.13	-2.14
197 39	Bojan Bogdanovic	SF,PF	UTA	64	32.9	0.439	4.4	10.0	-0.50	0.869	3.0	3.4	1.46	2.2	0.72	14.0	0.16	4.1	-0.39	2.1	-0.31	0.5	-1.06	0.1	-1.20	2.5	-1.03	-2.16
198 9	DeAndre Jordan	C	BRO	64	27.8	0.679	3.2	4.7	2.41	0.542	1.5	2.7	-2.84	0.0	-1.84	7.9	-0.82	8.5	1.47	2.2	-0.26	0.4	-1.41	1.2	1.23	1.7	-0.10	-2.17
199 2	Shake Milton	PG,SG	PHI	60	24.7	0.453	4.0	8.9	-0.15	0.797	1.6	2.0	0.17	1.7	0.14	11.3	-0.27	2.7	-0.96	3.2	0.29	0.6	-0.74	0.3	-0.86	1.5	0.19	-2.19
200 10	Isaiah Stewart	PF,C	DET	56	24.5	0.539	3.6	6.7	1.23	0.735	1.1	1.5	-0.29	0.0	-1.84	8.3	-0.75	7.9	1.23	0.7	-1.06	0.6	-0.69	0.7	0.09	1.7	-0.11	-2.19
201 5	Sterling Brown	SG,SF	HOU	58	22.1	0.466	3.2	6.9	0.10	0.807	0.9	1.1	0.13	1.4	-0.23	8.7	-0.69	4.8	-0.10	1.4	-0.71	0.8	-0.24	0.1	-1.13	1.1	0.67	-2.21
202 17	Tomas Satoransky	PG,SG	CHI	67	24.6	0.436	3.2	7.4	-0.41	0.829	1.4	1.7	0.39	1.0	-0.69	8.8	-0.67	3.3	-0.73	4.0	0.73	1.1	0.56	0.1	-1.16	1.9	-0.25	-2.23
203 9	Dillon Brooks	SG,SF	MEM	70	28.7	0.411	6.0	14.5	-1.70	0.788	2.2	2.8	0.15	2.0	0.42	16.1	0.49	3.3	-0.73	2.1	-0.31	0.9	0.00	0.4	-0.53	1.7	-0.06	-2.28
204 5	Luguentz Dort	SG,SF	OKL	58	30.1	0.422	4.6	10.9	-0.99	0.788	1.6	2.0	0.09	1.8	0.22	12.6	-0.07	3.3	-0.71	1.1	-0.88	1.0	0.32	0.4	-0.44	1.5	0.17	-2.28
205 1	Jabari Parker	SF,PF	SAC	50	17.1	0.504	4.1	8.0	0.82	0.760	1.1	1.5	-0.12	0.7	-1.10	9.9	-0.50	4.4	-0.26	1.2	-0.81	0.9	-0.13	0.3	-0.67	1.2	0.48	-2.30
206 30	Mike Muscala	PF,C	OKL	40	18.4	0.438	2.9	6.6	-0.32	0.852	0.7	0.8	0.24	1.8	0.24	8.3	-0.76	3.8	-0.50	1.5	-0.64	0.3	-1.49	0.5	-0.28	0.7	1.18	-2.32
207 7	Nemanja Bjelica	PF	MIA	50	14.2	0.485	3.5	7.2	0.43	0.700	0.8	1.2	-0.43	1.1	-0.59	8.9	-0.66	4.0	-0.41	2.0	-0.36	0.7	-0.61	0.5	-0.28	1.2	0.56	-2.37
208 27	Hassan Whiteside	PF,C	SAC	60	15.8	0.600	2.9	4.8	1.58	0.671	1.0	1.5	-0.71	0.0	-1.80	6.8	-1.00	5.7	0.30	0.5	-1.19	0.2	-1.97	1.2	1.30	0.7	1.10	-2.38
209 15	Doug McDermott	SF,PF	IND	63	28.8	0.490	4.7	9.6	0.63	0.770	1.3	1.7	-0.06	1.9	0.35	12.6	-0.07	4.4	-0.27	1.4	-0.69	0.2	-1.89	0.1	-1.23	1.0	0.82	-2.40
210 10	Isaac Okoro	SG,SF	CLE	65	31.6	0.427	3.6	8.3	-0.63	0.706	1.2	1.7	-0.55	1.1	-0.59	9.4	-0.58	3.7	-0.55	2.0	-0.36	1.1	0.56	0.8	0.30	1.7	-0.01	-2.42
211 12	LaMarcus Aldridge	PF,C	BRO	44	24.0	0.479	4.5	9.4	0.40	0.805	1.0	1.2	0.14	0.9	-0.86	10.9	-0.34	3.4	-0.68	1.5	-0.64	0.3	-1.49	0.7	0.28	1.0	0.75	-2.43
212 34	Daniel Theis	PF,C	CHI	67	18.1	0.554	2.5	4.4	1.00	0.728	0.8	1.1	-0.27	0.3	-1.46	6.1	-1.11	4.2	-0.34	1.0	-0.89	0.4	-1.33	0.9	0.67	0.6	1.28	-2.44
213 16	Marquese Chriss	PF,C	SAS	44	14.4	0.555	2.6	4.7	1.06	0.770	1.4	1.9	-0.06	0.1	-1.70	6.7	-1.00	4.5	-0.23	1.4	-0.70	0.5	-1.06	0.8	0.39	0.9	0.86	-2.46
214 11	Luke Kennard	SG,SF	LAC	50	22.9	0.443	3.7	8.5	-0.34	0.893	1.7	1.9	0.97	1.8	0.22	11.0	-0.33	2.5	-1.06	2.8	0.09	0.3	-1.65	0.1	-1.11	1.0	0.73	-2.48
215 11	Paul Millsap	PF,C	DEN	54	18.1	0.476	3.0	6.3	0.26	0.813	1.7	2.1	0.34	0.8	-0.91	8.6	-0.71	4.2	-0.34	1.2	-0.81	0.7	-0.64	0.4	-0.42	1.0	0.74	-2.49
216 17	JaMychal Green	PF,C	DEN	67	20.5	0.465	2.6	5.6	0.09	0.778	0.6	0.8	-0.03	1.5	-0.14	7.3	-0.92	6.0	0.43	0.8	-1.02	0.4	-1.33	0.4	-0.51	0.9	0.91	-2.51
217 14	Jordan McLaughlin	PG	MIN	30	18.4	0.492	2.7	5.6	0.44	0.691	0.9	1.2	-0.49	0.9	-0.77	7.3	-0.92	1.5	-1.47	4.0	0.70	1.0	0.37	0.1	-1.23	0.9	0.85	-2.51
218 13	Payton Pritchard	PG	BOS	52	22.1	0.456	3.2	7.0	-0.06	0.861	1.0	1.2	0.41	1.5	-0.16	8.9	-0.66	1.9	-1.33	2.7	0.01	1.1	0.43	0.0	-1.39	1.5	0.23	-2.51
219 24	Patrick Williams	SF,PF	CHI	65	28.7	0.451	3.6	8.0	-0.17	0.740	1.3	1.8	-0.30	1.0	-0.71	9.6	-0.55	5.1	0.04	1.5	-0.66	0.8	-0.19	0.8	0.39	1.9	-0.36	-2.51
220 2	Vincent Poirier	C	NYK	54	19.1	0.486	2.5	5.2	0.35	0.774	1.0	1.2	-0.03	0.0	-1.84	6.0	-1.12	6.3	0.53	1.2	-0.78	0.3	-1.54	1.2	1.43	1.2	0.48	-2.51
221 35	Derrick Rose	PG,SG	NYK	60	22.5	0.431	5.6	13.0	-0.91	0.854	2.0	2.3	0.81	0.8	-0.95	14.0	0.15	2.0	-1.27	4.2	0.85	1.0	0.19	0.3	-0.79	2.2	-0.64	-2.56
222 19	JJ Redick	SG	DAL	62	19.4	0.456	3.3	7.3	-0.06	0.901	1.9	2.1	1.19	2.2	0.66	10.8	-0.36	1.8	-1.35	1.4	-0.68	0.2	-1.84	0.1	-1.11	0.9	0.96	-2.58
223 24	P.J. Tucker	PF,C	MIL	64	27.7	0.425	1.9	4.5	-0.32	0.764	0.4	0.6	-0.07	1.1	-0.54	5.4	-1.22	5.0	0.00	1.2	-0.79	0.8	-0.19	0.4	-0.56	0.8	1.07	-2.61
224 32	Dean Wade	PG,PF,C	CLE	30	14.6	0.476	2.5	5.3	0.22	0.679	0.2	0.3	-0.16	0.6	-1.17	5.9	-1.14	4.4	-0.27	0.6	-1.13	0.6	-0.82	0.9	0.58	0.6	1.27	-2.63
225 19	James Ennis III	SG,SF	ORL	64	23.1	0.455	3.0	6.6	-0.06	0.777	1.5	1.9	-0.01	1.2	-0.50	8.6	-0.70	4.5	-0.20	1.2	-0.81	0.6	-0.85	0.4	-0.42	0.9	0.92	-2.63
226 13	Josh Jackson	SG,SF	DET	56	20.6	0.445	3.7	8.3	-0.30	0.731	1.9	2.5	-0.51	1.2	-0.51	10.4	-0.42	3.5	-0.65	1.9	-0.44	1.0	0.37	0.5	-0.37	1.5	0.17	-2.66
227 8	Carmelo Anthony	SF,PF	POR	64	27.0	0.429	4.6	10.7	-0.80	0.820	1.8	2.2	0.43	1.2	-0.49	12.2	-0.13	5.0	0.00	1.2	-0.81	0.6	-0.69	0.4	-0.53	1.3	0.36	-2.66
228 21	Jeff Teague	PG,SG	MIL	64	19.4	0.443	3.0	6.7	-0.24	0.876	2.6	3.0	1.34	0.7	-1.07	9.3	-0.60	1.8	-1.35	4.3	0.89	0.5	-0.98	0.3	-0.74	1.6	0.08	-2.67
229 24	Austin Rivers	PG,SG	OKL	64	23.9	0.431	4.2	9.8	-0.68	0.719	1.2	1.6	-0.43	2.0	0.39	11.6	-0.23	2.7	-0.96	1.8	-0.49	0.7	-0.45	0.2	-0.95	0.7	1.10	-2.71
230 3	Andre Iguodala	SG,SF	MIA	58	19.5	0.451	1.9	4.1	-0.04	0.686	0.5	0.7	-0.32	0.7	-1.05	4.9	-1.30	3.6	-0.58	2.4	-0.17	0.7	-0.56	1.0	0.83	1.3	0.45	-2.73
231 14	Alex Len	PF,C	WAS	54	18.2	0.555	3.4	6.2	1.38	0.649	1.2	1.9	-1.10	0.4	-1.41	8.5	-0.72	5.0	-0.03	1.0	-0.93	0.5	-1.12	0.8	0.32	1.0	0.84	-2.77
232 30	Kenrich Williams	SF,PF	OKL	45	23.4	0.478	3.0	6.3	0.27	0.618	0.6	1.0	-0.75	0.9	-0.81	7.5	-0.88	4.6	-0.16	1.7	-0.55	0.8	-0.35	0.3	-0.74	0.7	1.20	-2.77
233 24	Robin Lopez	C	WAS	60	24.4	0.490	3.7	7.5	0.52	0.682	1.0	1.5	-0.64	0.8	-0.89	9.1	-0.62	5.0	-0.02	1.2	-0.82	0.3	-1.52	1.2	1.23	1.7	-0.01	-2.78
234 6	Eric Gordon	SG,SF	HOU	30	25.1	0.440	4.9	11.2	-0.56	0.835	2.4	2.9	0.76	1.9	0.34	14.1	0.18	1.5	-1.46	1.8	-0.49	0.4	-1.25	0.3	-0.72	1.3	0.41	-2.78
235 8	James Johnson	PF,C	NOP	60	20.7	0.459	3.0	6.5	0.01	0.649	0.6	1.0	-0.58	1.2	-0.45	7.8	-0.83	3.8	-0.51	1.6	-0.56	0.4	-1.33	1.0	0.76	1.1	0.68	-2.81
236 19	Justin Patton	C	HOU	36	16.1	0.420	3.0	7.2	-0.64	0.654	0.2	0.3	-0.18	0.8	-0.94	7.0	-0.96	3.9	-0.45	1.6	-0.60	0.9	0.00	1.0	0.88	1.6	0.08	-2.81
237 2	Aaron Holiday	PG	IND	67	22.2	0.439	3.4	7.6	-0.36	0.846	1.0	1.2	0.34	1.3	-0.41	9.0	-0.65	2.1	-1.23	3.1	0.21	0.7	-0.48	0.3	-0.81	1.2	0.57	-2.83
238 1	Terence Davis	SG,SF	SAC	64	18.1	0.459	3.2	6.9	0.00	0.878	0.8	0.9	0.38	1.5	-0.17	8.6	-0.71	3.7	-0.55	1.8	-0.47	0.6	-0.90	0.2	-0.93	1.2	0.48	-2.86
239 19	Furkan Korkmaz	SG,SF	PHI	67	22.1	0.436	3.5	7.9	-0.44	0.783	1.1	1.4	0.03	2.2	0.69	10.3	-0.44	2.3	-1.12	1.1	-0.84	0.6	-0.77	0.2	-0.97	0.8	1.01	-2.87
240 14	Jaxson Hayes	C	NOP	67	19.4	0.659	3.0	4.6	2.16	0.632	2.1	3.4	-2.16	0.0	-1.84	8.2	-0.77	4.7	-0.13	1.0	-0.90	0.5	-1.12	1.0	0.97	0.9	0.90	-2.89
241 10	Denzel Valentine	SG,SF	CHI	52	17.6	0.428	3.0	7.0	-0.51	0.750	0.3	0.4	-0.09	1.6	-0.05	7.9	-0.82	3.4	-0.67	1.8	-0.45	0.8	-0.37	0.3	-0.74	1.0	0.79	-2.90
242 7	Lonnie Walker IV	SG,SF	SAS	64	23.8	0.424	3.7	8.8	-0.74	0.732	1.1	1.5	-0.32	1.5	-0.10	10.1	-0.47	3.5	-0.65	1.7	-0.55	0.9	-0.03	0.3	-0.76	1.1	0.72	-2.91
243 28	Talen Horton-Tucker	SG,SF	LAL	50	22.8	0.468	4.3	9.1	0.16	0.814	2.0	2.4	0.41	0.7	-1.02	11.2	-0.29	2.0	-1.28	1.8	-0.46	1.0	0.32	0.4	-0.58	1.8	-0.22	-2.96
244 10	Cedi Osman	SF,PF	CLE	67	26.1	0.433	3.8	8.8	-0.56	0.717	0.9	1.3	-0.36	1.9	0.34	10.4	-0.41	2.9	-0.90	2.3	-0.18	0.8	-0.24	0.2	-0.95	1.4	0.28	-2.98
245 34	Cam Reddish	SG,SF,PF	ATL	58	27.3	0.403	4.3	10.7	-1.43	0.802	2.0	2.5	0.29	1.3	-0.33	11.9	-0.18	3.5	-0.63	1.3	-0.72	1.1	0.48	0.5	-0.19	1.9	-0.29	-3.00
246 6	Caleb Martin	SG,SF	CHA	30	18.6	0.432	2.5	5.8	-0.35	0.731	1.1	1.5	-0.31	1.5	-0.09	7.6	-0.86	2.8	-0.94	1.5	-0.61	0.9	0.03	0.5	-0.23	1.3	0.36	-3.00
247 10	Grayson Allen	SG,SF	MEM	60	20.7	0.454	3.4	7.6	-0.09	0.835	1.1	1.3	0.33	2.3	0.78	10.3	-0.44	2.4	-1.08	1.6	-0.60	0.3	-1.52	0.1	-1.18	1.0	0.78	-3.02
248 23	JaVale McGee	C	DEN	68	11.2	0.643	2.1	3.3	1.43	0.667	0.6	0.9	-0.46	0.0	-1.84	4.8	-1.31	4.2	-0.34	0.4	-1.25	0.4	-1.44	1.0	0.90	0.6	1.28	-3.03
249 12	Jae Crowder	SF,PF	PHX	60	23.2	0.409	2.7	6.7	-0.77	0.754	1.4	1.9	-0.20	1.4	-0.23	8.3	-0.75	4.2	-0.36	1.7	-0.51	0.8	-0.19	0.3	-0.86	1.0	0.78	-3.09
250 29	Facundo Campazzo	PG	DEN	56	17.5	0.438	3.0	6.7	-0.32	0.792	1.0	1.2	0.06	1.6	-0.01	8.5	-0.73	2.0	-1.26	3.8	0.59	1.0	0.13	0.0	-1.39	1.8	-0.19	-3.13
251 8	Desmond Bane	PG,SG	MEM	54	22.7	0.469	2.9	6.2	0.14	0.800	1.0	1.2	0.10	1.4	-0.25	8.2	-0.77	2.8	-0.93	1.4	-0.69	0.7	-0.64	0.3	-0.76	1.1	0.63	-3.16
252 10	Immanuel Quickley	PG	NYK	58	20.2	0.401	4.7	11.6	-1.61	0.865	1.5	1.7	0.66	2.4	0.95	13.2	0.03	2.4	-1.10	2.6	-0.03	0.6	-0.90	0.1	-1.32	1.6	0.08	-3.25
253 29	Dwight Powell	PF,C	DAL	64	17.8	0.533	2.0	3.8	0.69	0.790	1.2	1.6	0.08	0.4	-1.36	5.7	-1.16	3.8	-0.51	1.0	-0.89	0.6	-0.85	0.4	-0.51	0.6	1.26	-3.25
254 16	Onyeka Okongwu	PF,C	ATL	50	17.7	0.542	3.9	7.2	1.36	0.723	1.1	1.6	-0.39	0.0	-1.83	8.9	-0.65	4.1	-0.38	0.4	-1.25	0.5	-1.17	1.1	1.09	1.7	-0.05	-3.27
255 14	Alex Caruso	PG,SG	LAL	68	20.2	0.423	2.1	4.9	-0.39	0.733	1.2	1.7	-0.33	0.7	-1.09	6.0	-1.11	2.2	-1.18	2.2	-0.25	1.2	0.82	0.3	-0.67	0.9	0.92	-3.28
256 26	DeMarcus Cousins	PF,C	LAC	30	18.2	0.446	2.5	5.6	-0.15	0.718	2.1	2.9	-0.75	0.8	-0.94	7.9	-0.82	5.3	0.10	1.6	-0.59	0.7	-0.45	0.8	0.51	1.8	-0.19	-3.28
257 35	Hamidou Diallo	SG,SF	DET	60	27.8	0.467	5.2	11.0	0.14	0.630	1.6	2.6	-1.68	0.8	-0.97	12.7	-0.05	5.7	0.27	1.4	-0.67	1.2	0.72	0.3	-0.65	2.0	-0.39	-3.28
258 48	Coby White	PG,SG	CHI	70	26.1	0.413	4.7	11.4	-1.28	0.807	1.6	2.0	0.27	2.0	0.45	13.1	0.01	3.6	-0.60	3.9	0.68	0.6	-0.88	0.1	-1.25	2.2	-0.68	-3.29
259 8	Cameron Payne	PG,SG	PHX	34	16.1	0.448	2.9	6.4	-0.15	0.841	0.5	0.6	0.15	1.3	-0.31	7.6	-0.86	2.7	-0.96	2.1	-0.31	0.7	-0.53	0.1	-1.11	1.0	0.80	-3.29
260 13	Goga Bitadze	C	IND	44	16.4	0.477	2.9	6.0	0.26	0.768	0.8	1.0	-0.07	0.3	-1.50	6.8	-1.00	3.5	-0.62	0.7	-1.09	0.3	-1.52	1.2	1.25	0.8	0.98	-3.29
261 7	Kris Dunn	PG,SG	ATL	50	16.1	0.446	2.1	4.7	-0.12	0.776	0.6	0.8	-0.03	0.5	-1.27	5.3	-1.23	2.2	-1.18	2.3	-0.20	1.2	0.77	0.3	-0.83	1.0	0.76	-3.33
262 15	Nicolo Melli	PF,C	DAL	60	18.1	0.426	2.4	5.7	-0.43	0.748	1.0	1.3	-0.18	1.4	-0.21	7.2	-0.92	3.2	-0.77	1.5	-0.64	0.6	-0.72	0.4	-0.46	0.9	0.96	-3.38
263 2	Zach Collins	PF,C	POR	56	21.5	0.467	2.5	5.3	0.12	0.767	0.5	0.6	-0.06	1.0	-0.75	6.4	-1.06	5.4	0.16	1.3	-0.75	0.4	-1.25	0.4	-0.44	1.1	0.64	-3.40
264 34	Jaylen Nowell	SG	MIN	32	17.1	0.435	3.2	7.4	-0.41	0.841	1.9	2.2	0.63	1.1	-0.55	9.4	-0.58	2.2	-1.18	1.3	-0.73	0.4	-1.25	0.2	-0.93	0.3	1.58	-3.41
265 14	Kentavious Caldwell-Pope	PG,SG	LAL	60	25.1	0.465	3.3	7.2	0.09	0.735	1.1	1.5	-0.29	1.3	-0.39	9.0	-0.64	2.1	-1.24	1.6	-0.60	0.8	-0.32	0.2	-0.97	0.9	0.92	-3.43
266 14	Timothe Luwawu-Cabarrot	SG,SF	BRO	38	20.5	0.451	3.1	6.8	-0.13	0.832	1.8	2.1	0.53	1.6	-0.01	9.5	-0.56	3.1	-0.80	0.5	-1.19	0.5	-1.12	0.2	-1.06	1.0	0.82	-3.52
267 12	Malik Monk	PG,SG	CHA	44	24.2	0.446	4.5	10.0	-0.35	0.830	1.7	2.0	0.47	1.4	-0.25	12.0	-0.17	3.1	-0.79	1.9	-0.42	0.6	-0.93	0.1	-1.13	1.6	0.01	-3.55
268 20	RJ Hampton	PG	ORL	44	25.1	0.431	4.5	10.5	-0.74	0.811	0.3	0.4	0.02	0.9	-0.83	10.3	-0.44	4.6	-0.18	2.1	-0.32	0.8	-0.37	0.4	-0.53	1.8	-0.17	-3.57
269 15	Boban Marjanovic	C	DAL	44	10.7	0.565	3.1	5.5	1.37	0.761	1.2	1.6	-0.12	0.1	-1.72	7.6	-0.87	5.4	0.18	0.8	-1.01	0.2	-1.81	0.4	-0.49	0.9	0.88	-3.58
270 2	Brad Wanamaker	PG,SG	CHA	68	18.4	0.447	2.3	5.2	-0.13	0.928	1.8	2.0	1.32	0.5	-1.26	7.0	-0.96	1.2	-1.59	2.4	-0.14	0.7	-0.43	0.2	-0.95	1.2	0.53	-3.60
271 19	Pat Connaughton	SG,SF	MIL	60	18.7	0.460	2.0	4.4	0.05	0.750	0.5	0.7	-0.11	0.8	-0.90	5.4	-1.21	4.3	-0.30	1.6	-0.56	0.4	-1.30	0.5	-0.25	0.8	0.99	-3.61
272 11	Avery Bradley	SG,SF	HOU	60	23.4	0.449	3.4	7.6	-0.19	0.816	0.4	0.5	0.05	1.3	-0.40	8.5	-0.73	2.3	-1.12	1.3	-0.76	0.9	-0.08	0.1	-1.20	1.0	0.81	-3.62
273 10	Blake Griffin	PF,C	BRO	48	24.4	0.437	3.2	7.2	-0.37	0.749	1.4	1.8	-0.24	1.5	-0.15	9.2	-0.61	4.6	-0.16	2.2	-0.25	0.6	-0.93	0.2	-1.02	1.6	0.11	-3.63
274 12	Frank Kaminsky	C	PHX	48	20.8	0.469	4.0	8.5	0.18	0.652	1.0	1.6	-0.88	0.8	-0.90	9.8	-0.51	4.8	-0.07	2.0	-0.34	0.4	-1.25	0.3	-0.67	1.0	0.81	-3.64
275 15	Bol Bol	PF,C	DEN	20	13.7	0.487	2.3	4.8	0.34	0.821	1.3	1.6	0.29	0.6	-1.13	6.5	-1.03	3.1	-0.78	1.1	-0.88	0.4	-1.46	1.1	0.99	1.6	0.01	-3.65
276 44	KJ Martin Jr.	SF	HOU	40	23.0	0.446	3.0	6.7	-0.20	0.733	0.9	1.2	-0.25	0.4	-1.38	7.3	-0.91	6.4	0.58	0.8	-1.01	0.8	-0.27	0.8	0.42	2.2	-0.63	-3.66
277 23	Trey Lyles	PF,C	SAS	58	18.1	0.446	2.3	5.1	-0.14	0.723	0.5	0.7	-0.19	0.9	-0.77	5.9	-1.14	5.3	0.13	1.0	-0.89	0.4	-1.41	0.4	-0.58	0.6	1.31	-3.66
278 14	Jahlil Okafor	C	DET	50	16.7	0.631	3.7	5.9	2.34	0.642	1.5	2.3	-1.38	0.0	-1.84	8.9	-0.66	4.6	-0.18	1.3	-0.74	0.2	-1.81	0.8	0.32	1.4	0.27	-3.68
279 12	Willie Cauley-Stein	PF,C	DAL	40	10.5	0.605	2.2	3.7	1.27	0.577	0.4	0.7	-0.67	0.0	-1.84	4.8	-1.31	4.3	-0.29	0.9	-0.95	0.5	-1.04	0.7	0.21	0.9	0.88	-3.72
280 17	Al-Farouq Aminu	SF,PF	CHI	30	17.9	0.430	1.8	4.1	-0.24	0.798	1.0	1.2	0.10	0.4	-1.35	5.0	-1.29	4.2	-0.35	1.0	-0.89	0.9	-0.13	0.3	-0.65	0.8	1.05	-3.74
281 29	Elfrid Payton	PG	NYK	65	26.2	0.435	4.2	9.7	-0.57	0.688	1.2	1.7	-0.70	0.4	-1.35	10.1	-0.47	3.9	-0.48	4.5	0.98	0.8	-0.27	0.4	-0.58	1.9	-0.33	-3.76
282 12	Moritz Wagner	PF,C	BOS	58	18.4	0.555	2.8	5.1	1.15	0.708	1.4	2.0	-0.63	0.6	-1.20	7.7	-0.86	4.5	-0.22	1.1	-0.84	0.6	-0.90	0.4	-0.56	1.4	0.29	-3.76
283 4	Cory Joseph	PG	DET	68	23.6	0.421	2.3	5.5	-0.47	0.794	0.8	1.0	0.05	0.8	-0.96	6.2	-1.09	2.5	-1.05	3.4	0.39	0.7	-0.59	0.3	-0.76	1.1	0.70	-3.77
284 26	Langston Galloway	PG,SG	PHX	64	18.1	0.441	2.1	4.8	-0.18	0.837	0.9	1.0	0.26	1.6	-0.02	6.7	-1.01	1.5	-1.46	1.2	-0.80	0.6	-0.90	0.2	-1.06	0.5	1.41	-3.77
285	Bismack Biyombo	C	CHA	58	23.1	0.538	3.5	6.5	1.19	0.604	2.1	3.5	-2.70	0.0	-1.84	9.1	-0.62	7.3	0.94	1.1	-0.83	0.3	-1.73	1.1	1.18	1.1	0.62	-3.78
286 6	Kent Bazemore	SG,SF	GSW	60	18.7	0.457	2.4	5.3	-0.01	0.765	0.9	1.2	-0.09	0.9	-0.80	6.7	-1.02	2.8	-0.93	1.0	-0.92	0.7	-0.53	0.5	-0.30	1.0	0.80	-3.79
287 17	Bryn Forbes	PG,SG	MIL	58	18.5	0.479	2.9	6.1	0.29	0.810	0.8	1.0	0.12	2.0	0.43	8.6	-0.71	1.4	-1.50	1.2	-0.79	0.4	-1.44	0.0	-1.43	0.7	1.20	-3.81
288	Dewayne Dedmon	C	DET	58	17.2	0.426	2.6	6.1	-0.45	0.823	0.5	0.6	0.09	0.6	-1.14	6.3	-1.07	4.9	-0.05	0.5	-1.18	0.4	-1.33	0.9	0.65	1.1	0.65	-3.82
289 16	Reggie Bullock	SG,SF	NYK	57	21.8	0.411	3.0	7.3	-0.81	0.814	0.6	0.7	0.09	1.4	-0.22	8.0	-0.80	2.2	-1.19	1.3	-0.73	0.9	-0.13	0.1	-1.23	0.7	1.19	-3.84
290 5	Ish Smith	PG	WAS	60	18.1	0.446	3.1	7.0	-0.21	0.753	0.7	0.9	-0.12	0.6	-1.13	7.5	-0.88	2.2	-1.18	3.4	0.38	0.6	-0.74	0.3	-0.79	1.0	0.82	-3.86
291 17	Eric Bledsoe	PG,SG	NOP	60	29.0	0.435	4.7	10.7	-0.65	0.614	1.9	3.1	-2.21	1.8	0.19	13.0	-0.01	3.4	-0.66	3.4	0.40	0.7	-0.51	0.3	-0.65	1.5	0.22	-3.87
292 26	Markieff Morris	PF,C	LAL	48	22.2	0.438	3.9	9.0	-0.48	0.755	1.4	1.8	-0.18	1.5	-0.17	10.7	-0.37	4.0	-0.43	1.6	-0.56	0.6	-0.74	0.2	-0.95	1.6	0.01	-3.88
293 17	Deni Avdija	SG,SF	WAS	64	22.4	0.441	3.6	8.2	-0.35	0.688	0.8	1.1	-0.47	0.9	-0.77	9.0	-0.65	3.4	-0.69	2.0	-0.38	0.7	-0.56	0.5	-0.25	1.4	0.24	-3.88
294 14	Ben McLemore	SG,SF	HOU	64	20.4	0.418	3.1	7.4	-0.72	0.719	0.6	0.9	-0.26	2.3	0.77	9.1	-0.62	2.0	-1.26	0.7	-1.05	0.6	-0.93	0.2	-1.02	0.6	1.21	-3.88
295 14	Rodney Hood	SG,SF	TOR	50	22.1	0.454	2.8	6.2	-0.07	0.767	0.7	0.9	-0.07	1.3	-0.32	7.7	-0.85	2.4	-1.09	1.0	-0.89	0.6	-0.72	0.1	-1.11	0.6	1.24	-3.88
296 3	Harry Giles III	PF,C	POR	26	14.7	0.520	3.2	6.2	0.88	0.720	0.9	1.2	-0.32	0.0	-1.84	7.3	-0.92	4.4	-0.26	1.4	-0.69	0.5	-0.98	0.4	-0.44	1.1	0.69	-3.90
297 47	Goran Dragic	PG,SG	MIA	48	23.5	0.429	4.1	9.5	-0.70	0.763	2.7	3.6	-0.20	1.3	-0.38	12.1	-0.14	2.7	-0.96	4.3	0.91	0.6	-0.80	0.2	-1.04	2.1	-0.59	-3.90
298 17	Raul Neto	PG	WAS	52	18.4	0.440	2.8	6.3	-0.28	0.877	1.2	1.4	0.60	0.9	-0.79	7.7	-0.85	2.7	-0.97	2.5	-0.10	0.6	-0.77	0.2	-1.06	1.4	0.32	-3.91
299	Chris Chiozza	PG	BRO	18	12.1	0.449	1.5	3.3	-0.03	0.714	0.1	0.1	-0.08	0.7	-1.05	3.8	-1.47	1.5	-1.48	2.8	0.04	1.0	0.21	0.2	-0.97	0.9	0.91	-3.92
300 2	Garrett Temple	PG,SG	CHI	65	22.2	0.407	3.0	7.2	-0.87	0.773	0.9	1.1	-0.04	1.2	-0.51	7.9	-0.81	3.4	-0.68	1.9	-0.44	0.5	-0.96	0.4	-0.58	0.9	0.91	-3.99
